date,H
2016-01-31,0.45730099603240315
2016-02-21,0.4848562319839594
2016-03-13,0.4875674374825728
2016-04-03,0.5007723250474035
2016-04-24,0.5076341387910863
2016-05-15,0.48224094388611594
2016-06-05,0.5064782444521879
2016-06-26,0.5324493227670406
2016-07-17,0.510028929418743
2016-08-07,0.5146379681203515
2016-08-28,0.526605358931876
2016-09-18,0.5356425960888406
2016-10-09,0.5025948084319052
2016-10-30,0.5560838930609957
2016-11-20,0.5140748678121673
2016-12-11,0.5518467439112315
2017-01-01,0.500755423577164
2017-01-22,0.4985988595992353
2017-02-12,0.48777040764482765
2017-03-05,0.48359297909367777
2017-03-26,0.5082114094262944
2017-04-16,0.45334595758844315
2017-05-07,0.46870145192079515
2017-05-28,0.5057480506664991
2017-06-18,0.47858828701186357
2017-07-09,0.46990055023400656
2017-07-30,0.4610884898210904
2017-08-20,0.49209280202354727
2017-09-10,0.49185672028700334
2017-10-01,0.5222405269170589
2017-10-22,0.4827384737746145
2017-11-12,0.5309267446805764
2017-12-03,0.5258863230522489
2017-12-24,0.47509430433984146
2018-01-14,0.4826562673106504
2018-02-04,0.5219805662115871
2018-02-25,0.5529636972061815
2018-03-18,0.5460249298077786
2018-04-08,0.5292070244570833
2018-04-29,0.5581984819584205
2018-05-20,0.5227427787902548
2018-06-10,0.5726733643107409
2018-07-01,0.5862625725374132
2018-07-22,0.5792522724882193
2018-08-12,0.5456594883802686
2018-09-02,0.5665855882631566
2018-09-23,0.5613627390226997
2018-10-14,0.551866705506301
2018-11-04,0.5878061517944744
2018-11-25,0.56812355911601
2018-12-16,0.5741665803998598
2019-01-06,0.5724593104580623
2019-01-27,0.5227891060074258
2019-02-17,0.5543636077107151
2019-03-10,0.6328406356462869
2019-03-31,0.6488239856860947
2019-04-21,0.5222315271195782
2019-05-12,0.5317387473136218
2019-06-02,0.5513239787520436
2019-06-23,0.5556611807215713
2019-07-14,0.5505741389552392
2019-08-04,0.5409319649314045
2019-08-25,0.5183639921815568
2019-09-15,0.5434894826471953
2019-10-06,0.545706124625775
2019-10-27,0.5068450086678531
2019-11-17,0.511756873107298
2019-12-08,0.4919997962499008
2019-12-29,0.5063077565312697
2020-01-19,0.5273673012448636
2020-02-09,0.5181194152733933
2020-03-01,0.5360931859865941
2020-03-22,0.5185822108295072
2020-04-12,0.45534485371259525
2020-05-03,0.4781557486947469
2020-05-24,0.5065213366052056
2020-06-14,0.5321711306903845
2020-07-05,0.4991346400395681
2020-07-26,0.5154605263593266
2020-08-16,0.48921901317705124
2020-09-06,0.521337907837823
2020-09-27,0.5305185519309843
2020-10-18,0.5721999777254243
2020-11-08,0.5092455628551528
2020-11-29,0.5801357244364999
2020-12-20,0.5377848130434008
2021-01-10,0.5325144652248136
2021-01-31,0.5311097068169864
2021-02-21,0.55758707978099
2021-03-14,0.5348040018010145
2021-04-04,0.5153610227938532
2021-04-25,0.5405968904395756
2021-05-16,0.5591949460808746
2021-06-06,0.5416872844495582
2021-06-27,0.5513353420369359
2021-07-18,0.48179502664435353
2021-08-08,0.5188421183619261
2021-08-29,0.5433617144180175
2021-09-19,0.5023967512718645
2021-10-10,0.5332336487082816
2021-10-31,0.5170678900268536
2021-11-21,0.5089750734416815
2021-12-12,0.5189117379324298
2022-01-02,0.5675113923849044
2022-01-23,0.5178251912700239
2022-02-13,0.5234622725200495
2022-03-06,0.5255016899713854
2022-03-27,0.4967627896686289
2022-04-17,0.5120553684941175
2022-05-08,0.5041283854962949
2022-05-29,0.5303385933140483
2022-06-19,0.5017133557614964
2022-07-10,0.4930340503241182
2022-07-31,0.4805851741798914
2022-08-21,0.5034101716086772
2022-09-11,0.5488082381595617
2022-10-02,0.5172012948877827
2022-10-23,0.5096847910336051
2022-11-13,0.5071072950897384
2022-12-04,0.46161079898254714
2022-12-25,0.4913868207988911
2023-01-15,0.49692428916229126
2023-02-05,0.5670757815233438
2023-02-26,0.5074105354161783
2023-03-19,0.4646391607221363
2023-04-09,0.4859273606156029
2023-04-30,0.48149410369241136
2023-05-21,0.4743651726536648
2023-06-11,0.530830591604239
2023-07-02,0.5360427643181325
2023-07-23,0.5411523632501978
2023-08-13,0.4755331827018905
2023-09-03,0.5262953092933886
2023-09-24,0.5335857627790231
2023-10-15,0.5551436881181907
2023-11-05,0.5301146405815718
2023-11-26,0.5272566776431049
2023-12-17,0.4907688273254905
2024-01-07,0.5096639394504856
2024-01-28,0.514657878588325
2024-02-18,0.5544140703302293
2024-03-10,0.5748174303939579
2024-03-31,0.5442833317585752
2024-04-21,0.5379958463256023
2024-05-12,0.5506210446535265
2024-06-02,0.531646297969928
2024-06-23,0.5052784086361576
2024-07-14,0.5572605069149722
2024-08-04,0.516076908628232
2024-08-25,0.5034678487849013
2024-09-15,0.523976682351976
2024-10-06,0.5317203145603887
2024-10-27,0.501584082527797
2024-11-17,0.49531451005703386
2024-12-08,0.517312313676895
2024-12-29,0.5013436313293628
2025-01-19,0.5047409567221052
2025-02-09,0.5313114574975047
2025-03-02,0.49338789385702003
2025-03-23,0.4769741265477755
2025-04-13,0.48906707511344394
2025-05-04,0.4882497686742455
2025-05-25,0.524967395685093
2025-06-15,0.5298695255461106
2025-07-06,0.4919707916936964
2025-07-27,0.4577332552072566
2025-08-17,0.4461407418463473
2025-09-07,0.4786092240101243
2025-09-28,0.48255971474441844
2025-10-19,0.47324111452140294
2025-11-09,0.4740969668352828
2025-11-30,0.47286500984296664
2025-12-21,0.47152945057682355
2026-01-11,0.4548814181043447
2026-02-01,0.49149831978170655
2026-02-22,0.5111635238346606
2026-03-15,0.5031623962203137
2026-04-05,0.4583272844670925
2026-04-26,0.4640431231496816
2026-05-17,0.519962992845602
2026-06-07,0.49535734639967716
2026-06-28,0.5501454776833843
2026-07-19,0.4877712506296106
2026-08-09,0.5329761870258655
2026-08-30,0.5302591664597979
